"","Taxa","genus","species","MFG"
"1","Acanthoceras zachariasii","Acanthoceras","zachariasii",NA
"2","Acanthosphaera spp.","Acanthosphaera","spp.",NA
"3","Acanthosphaera zachariasii","Acanthosphaera","zachariasii",NA
"4","Achnanthes catenata","Achnanthes","catenata","7b-SmallPenn"
"5","Achnanthes exigua","Achnanthes","exigua","7b-SmallPenn"
"6","Achnanthes exilis","Achnanthes","exilis","7b-SmallPenn"
"7","Achnanthes flexella","Achnanthes","flexella","7b-SmallPenn"
"8","Achnanthes lanceolata","Achnanthes","lanceolata","7b-SmallPenn"
"9","Achnanthes minutissima","Achnanthes","minutissima","7b-SmallPenn"
"10","Achnanthes spp.","Achnanthes","spp.","7b-SmallPenn"
"11","Achnanthidium catenatum","Achnanthidium","catenatum",NA
"12","Achnanthidium minutissimum","Achnanthidium","minutissimum",NA
"13","Achroonema articulatum","Achroonema","articulatum",NA
"14","Actinastrum hantzschii","Actinastrum","hantzschii","11a-NakeChlor"
"15","Actinastrum spp.","Actinastrum","spp.","11b-GelaChlor"
"16","Actinocyclus normanii","Actinocyclus","normanii",NA
"17","Actinocyclus spp.","Actinocyclus","spp.",NA
"18","Amphidinium spp.","Amphidinium","spp.",NA
"19","Amphipleura lindheimeri","Amphipleura","lindheimeri",NA
"20","Amphora copulata","Amphora","copulata",NA
"21","Amphora inariensis","Amphora","inariensis","7b-SmallPenn"
"22","Amphora ovalis","Amphora","ovalis","6b2-LUniPenn"
"23","Amphora pediculus","Amphora","pediculus","6b2-LUniPenn"
"24","Amphora spp.","Amphora","spp.",NA
"25","Amphora veneta","Amphora","veneta",NA
"26","Anabaena affinis","Anabaena","affinis","5e-Nostocales"
"27","Anabaena aphanizomenoides","Anabaena","aphanizomenoides","5e-Nostocales"
"28","Anabaena augstumalis","Anabaena","augstumalis","5e-Nostocales"
"29","Anabaena bergii","Anabaena","bergii","5e-Nostocales"
"30","Anabaena spp.","Anabaena","spp.","5e-Nostocales"
"31","Anabaena circinalis","Anabaena","circinalis","5e-Nostocales"
"32","Anabaena compacta","Anabaena","compacta","5e-Nostocales"
"33","Anabaena crassa","Anabaena","crassa","5e-Nostocales"
"34","Anabaena eucompacta","Anabaena","eucompacta","5e-Nostocales"
"35","Anabaena flos-aquae","Anabaena","flos-aquae","5e-Nostocales"
"36","Anabaena lemmermannii","Anabaena","lemmermannii","5e-Nostocales"
"37","Anabaena macrospora","Anabaena","macrospora","5e-Nostocales"
"38","Anabaena mendotae","Anabaena","mendotae","5e-Nostocales"
"39","Anabaena oscillarioides","Anabaena","oscillarioides","5e-Nostocales"
"40","Anabaena planctonica","Anabaena","planctonica","5e-Nostocales"
"41","Anabaena pseudocompacta","Anabaena","pseudocompacta","5e-Nostocales"
"42","Anabaena smithii","Anabaena","smithii","5e-Nostocales"
"43","Anabaena solitaria","Anabaena","solitaria","5e-Nostocales"
"44","Anabaena spiroides","Anabaena","spiroides","5e-Nostocales"
"45","Anabaena spp.","Anabaena","spp.","5e-Nostocales"
"46","Anabaena tenericaulis","Anabaena","tenericaulis","5e-Nostocales"
"47","Anabaena variabilis","Anabaena","variabilis","5e-Nostocales"
"48","Anabaenopsis arnoldii","Anabaenopsis","arnoldii",NA
"49","Anabaenopsis circularis","Anabaenopsis","circularis",NA
"50","Anabaenopsis elenkinii","Anabaenopsis","elenkinii",NA
"51","Anabaenopsis spp.","Anabaenopsis","spp.",NA
"52","Anabaenopsis tanganyikae","Anabaenopsis","tanganyikae",NA
"53","Ankistrodesmus bernardii","Ankistrodesmus","bernardii","11a-NakeChlor"
"54","Ankistrodesmus braunii","Ankistrodesmus","braunii",NA
"55","Ankistrodesmus convolutus","Ankistrodesmus","convolutus","11a-NakeChlor"
"56","Ankistrodesmus falcatus","Ankistrodesmus","falcatus","9b-SmallChlor"
"57","Ankistrodesmus fusiformis","Ankistrodesmus","fusiformis","11a-NakeChlor"
"58","Ankistrodesmus gracilis","Ankistrodesmus","gracilis",NA
"59","Ankistrodesmus nannoselene","Ankistrodesmus","nannoselene","11a-NakeChlor"
"60","Ankistrodesmus spiralis","Ankistrodesmus","spiralis","11a-NakeChlor"
"61","Ankistrodesmus spp.","Ankistrodesmus","spp.","11a-NakeChlor"
"62","Ankyra ancora","Ankyra","ancora","9b-SmallChlor"
"63","Ankyra inerme","Ankyra","inerme","9b-SmallChlor"
"64","Ankyra judayi","Ankyra","judayi","9b-SmallChlor"
"65","Ankyra lanceolata","Ankyra","lanceolata","9b-SmallChlor"
"66","Ankyra spp.","Ankyra","spp.","9b-SmallChlor"
"67","Anomoeoneis brachysira","Anomoeoneis","brachysira",NA
"68","Anomoeoneis vitrea","Anomoeoneis","vitrea",NA
"69","Aphanizomenon aphanizomenoides","Aphanizomenon","aphanizomenoides","5e-Nostocales"
"70","Aphanizomenon flos-aquae","Aphanizomenon","flos-aquae","5e-Nostocales"
"71","Aphanizomenon gracile","Aphanizomenon","gracile","5e-Nostocales"
"72","Aphanizomenon issatschenkoi","Aphanizomenon","issatschenkoi","5e-Nostocales"
"73","Aphanizomenon ovalisporum","Aphanizomenon","ovalisporum","5e-Nostocales"
"74","Aphanizomenon spp.","Aphanizomenon","spp.","5e-Nostocales"
"75","Aphanizomenon yezoense","Aphanizomenon","yezoense","5e-Nostocales"
"76","Aphanocapsa conferta","Aphanocapsa","conferta","5c-OtherChroo"
"77","Aphanocapsa delicatissima","Aphanocapsa","delicatissima","5c-OtherChroo"
"78","Aphanocapsa elachista","Aphanocapsa","elachista","5c-OtherChroo"
"79","Aphanocapsa grevillei","Aphanocapsa","grevillei","5c-OtherChroo"
"80","Aphanocapsa holsatica","Aphanocapsa","holsatica","5c-OtherChroo"
"81","Aphanocapsa incerta","Aphanocapsa","incerta","5c-OtherChroo"
"82","Aphanocapsa koordersi","Aphanocapsa","koordersi","5c-OtherChroo"
"83","Aphanocapsa musicola","Aphanocapsa","musicola","5c-OtherChroo"
"84","Aphanocapsa nubilum","Aphanocapsa","nubilum","5c-OtherChroo"
"85","Aphanocapsa parasitica","Aphanocapsa","parasitica","5c-OtherChroo"
"86","Aphanocapsa planctonica","Aphanocapsa","planctonica","5c-OtherChroo"
"87","Aphanocapsa spp.","Aphanocapsa","spp.","5c-OtherChroo"
"88","Aphanothece clathrata","Aphanothece","clathrata","5c-OtherChroo"
"89","Aphanothece nidulans","Aphanothece","nidulans","5c-OtherChroo"
"90","Aphanothece saxicola","Aphanothece","saxicola","5c-OtherChroo"
"91","Aphanothece spp.","Aphanothece","spp.","5c-OtherChroo"
"92","Aphanothecoidea spp.","Aphanothecoidea","spp.",NA
"93","Arthrodesmus spp.","Arthrodesmus","spp.",NA
"94","Arthrospira maxima","Arthrospira","maxima",NA
"95","Arthrospira spp.","Arthrospira","spp.",NA
"96","Astasia spp.","Astasia","spp.",NA
"97","Asterionella formosa","Asterionella","formosa","6b1-LColPenn"
"98","Asterionella gracillima","Asterionella","gracillima","6b1-LColPenn"
"99","Attheya spp.","Attheya","spp.","6a2-LUniCent"
"100","Attheya zachariasi","Attheya","zachariasi","6a2-LUniCent"
"101","Aulacoseira ambigua","Aulacoseira","ambigua","6a1-LColCent"
"102","Aulacoseira crenulata","Aulacoseira","crenulata","6a1-LColCent"
"103","Aulacoseira distans","Aulacoseira","distans","6a1-LColCent"
"104","Aulacoseira granulata","Aulacoseira","granulata","6a1-LColCent"
"105","Aulacoseira islandica","Aulacoseira","islandica","6a1-LColCent"
"106","Aulacoseira italica","Aulacoseira","italica","6a1-LColCent"
"107","Aulacoseira pusilla-distans","Aulacoseira","pusilla-distans","6a1-LColCent"
"108","Aulacoseira spp.","Aulacoseira","spp.","6a1-LColCent"
"109","Bacillaria paradoxa","Bacillaria","paradoxa",NA
"110","Bicoeca campanulata","Bicoeca","campanulata",NA
"111","Bicoeca cf","Bicoeca","cf",NA
"112","Bicoeca ovata","Bicoeca","ovata",NA
"113","Bicoeca planctonica","Bicoeca","planctonica",NA
"114","Bicoeca spp.","Bicoeca","spp.",NA
"115","Bicoeca stellata","Bicoeca","stellata",NA
"116","Bicosoeca spp.","Bicosoeca","spp.",NA
"117","Bitrichia chodatii","Bitrichia","chodatii","9c-SmallChry2"
"118","Bitrichia danubiensis","Bitrichia","danubiensis","9c-SmallChry2"
"119","Bitrichia ollula","Bitrichia","ollula","9c-SmallChry2"
"120","Botryococcus braunii","Botryococcus","braunii","11a-NakeChlor"
"121","Botryococcus protuberans","Botryococcus","protuberans","11a-NakeChlor"
"122","Botryococcus spp.","Botryococcus","spp.","11a-NakeChlor"
"123","Botryosphaerella spp.","Botryosphaerella","spp.",NA
"124","Bracchiogonium spp.","Bracchiogonium","spp.",NA
"125","Caloneis spp.","Caloneis","spp.","6b2-LUniPenn"
"126","Calothrix spp.","Calothrix","spp.",NA
"127","Carteria globulosa","Carteria","globulosa","3a-UnicPhyto"
"128","Carteria multifilis","Carteria","multifilis","3a-UnicPhyto"
"129","Carteria platyrhyncha","Carteria","platyrhyncha","3a-UnicPhyto"
"130","Carteria spp.","Carteria","spp.","3a-UnicPhyto"
"131","Centriques spp.","Centriques","spp.",NA
"132","Centritractus belanophorus","Centritractus","belanophorus",NA
"133","Centritractus spp.","Centritractus","spp.",NA
"134","Ceratium furcoides","Ceratium","furcoides","1b-LargeDino"
"135","Ceratium hirundinella","Ceratium","hirundinella","1b-LargeDino"
"136","Ceratium rhomvoides","Ceratium","rhomvoides","1b-LargeDino"
"137","Ceratium spp.","Ceratium","spp.","1b-LargeDino"
"138","Characium ambiguum","Characium","ambiguum","9b-SmallChlor"
"139","Characium limneticum","Characium","limneticum","9b-SmallChlor"
"140","Characium spp.","Characium","spp.","9b-SmallChlor"
"141","Chlamydomonas augustae","Chlamydomonas","augustae","3a-UnicPhyto"
"142","Chlamydomonas callosa","Chlamydomonas","callosa","3a-UnicPhyto"
"143","Chlamydomonas conica","Chlamydomonas","conica","3a-UnicPhyto"
"144","Chlamydomonas globosa","Chlamydomonas","globosa","3a-UnicPhyto"
"145","Chlamydomonas gloeopara","Chlamydomonas","gloeopara","3a-UnicPhyto"
"146","Chlamydomonas gloeophila","Chlamydomonas","gloeophila","3a-UnicPhyto"
"147","Chlamydomonas incerta","Chlamydomonas","incerta","3a-UnicPhyto"
"148","Chlamydomonas inepta","Chlamydomonas","inepta","3a-UnicPhyto"
"149","Chlamydomonas intermedia","Chlamydomonas","intermedia","3a-UnicPhyto"
"150","Chlamydomonas platystigma","Chlamydomonas","platystigma","3a-UnicPhyto"
"151","Chlamydomonas proboscige","Chlamydomonas","proboscige","3a-UnicPhyto"
"152","Chlamydomonas pumilio","Chlamydomonas","pumilio","3a-UnicPhyto"
"153","Chlamydomonas reinhardtii","Chlamydomonas","reinhardtii","3a-UnicPhyto"
"154","Chlamydomonas spp.","Chlamydomonas","spp.","3a-UnicPhyto"
"155","Chlamydomonas zebra","Chlamydomonas","zebra","3a-UnicPhyto"
"156","Chlorella spp.","Chlorella","spp.","9b-SmallChlor"
"157","Chlorella vulgaris","Chlorella","vulgaris","9b-SmallChlor"
"158","Chlorhormidium subtile","Chlorhormidium","subtile",NA
"159","Chlorocloster spp.","Chlorocloster","spp.",NA
"160","Chlorococcaceae spp.","Chlorococcaceae","spp.",NA
"161","Chlorogonium spp.","Chlorogonium","spp.","3a-UnicPhyto"
"162","Chlorolobion saxatile","Chlorolobion","saxatile",NA
"163","Chlorolobion spp.","Chlorolobion","spp.",NA
"164","Chloromonas prona","Chloromonas","prona",NA
"165","Chloromonas pumilio","Chloromonas","pumilio",NA
"166","Chloromonas rapida","Chloromonas","rapida",NA
"167","Chloromonas spp.","Chloromonas","spp.",NA
"168","Chodatella balatonica","Chodatella","balatonica","9b-SmallChlor"
"169","Chodatella chodatii","Chodatella","chodatii","9b-SmallChlor"
"170","Chodatella ciliata","Chodatella","ciliata","9b-SmallChlor"
"171","Chodatella citriformis","Chodatella","citriformis","9b-SmallChlor"
"172","Chodatella quadriseta","Chodatella","quadriseta","9b-SmallChlor"
"173","Chodatella spp.","Chodatella","spp.","9b-SmallChlor"
"174","Chodatella subsalsa","Chodatella","subsalsa","9b-SmallChlor"
"175","Chodatella wratislawiensis","Chodatella","wratislawiensis","9b-SmallChlor"
"176","Choricystis minor","Choricystis","minor",NA
"177","Chromulina spp.","Chromulina","spp.","2a-SmallChry1"
"178","Chrooccocus distans","Chrooccocus","distans",NA
"179","Chroococcaceae spp.","Chroococcaceae","spp.",NA
"180","Synechocystis spp.","Synechocystis","spp.","4-UnicCyano"
"181","Chroococcus dispersus","Chroococcus","dispersus","5d-SmallChroo"
"182","Chroococcus limneticus","Chroococcus","limneticus","5d-SmallChroo"
"183","Chroococcus microscopicus","Chroococcus","microscopicus","5d-SmallChroo"
"184","Chroococcus minimus","Chroococcus","minimus","5d-SmallChroo"
"185","Chroococcus minutus","Chroococcus","minutus","5d-SmallChroo"
"186","Chroococcus obliteratus","Chroococcus","obliteratus","5d-SmallChroo"
"187","Chroococcus prescottii","Chroococcus","prescottii","5d-SmallChroo"
"188","Chroococcus spp.","Chroococcus","spp.","5d-SmallChroo"
"189","Chroococcus turgidus","Chroococcus","turgidus","5d-SmallChroo"
"190","Chroococcus varius","Chroococcus","varius","5d-SmallChroo"
"191","Chroomonas acuta","Chroomonas","acuta","2d-Crypto"
"192","Chroomonas caudata","Chroomonas","caudata","2d-Crypto"
"193","Chroomonas nordstedtii","Chroomonas","nordstedtii","2d-Crypto"
"194","Chroomonas spp.","Chroomonas","spp.","2d-Crypto"
"195","Chrysamoeba radians","Chrysamoeba","radians","2a-SmallChry1"
"196","Chrysastrella furcata","Chrysastrella","furcata",NA
"197","Chrysocapsa planctonica","Chrysocapsa","planctonica",NA
"198","Chrysocapsa spp.","Chrysocapsa","spp.",NA
"199","Chrysochromulina parva","Chrysochromulina","parva","2a-SmallChry1"
"200","Chrysochromulina spp.","Chrysochromulina","spp.","2a-SmallChry1"
"201","Chrysococcus minutus","Chrysococcus","minutus","2a-SmallChry1"
"202","Chrysococcus spp.","Chrysococcus","spp.","2a-SmallChry1"
"203","Chrysoflagellaten spp.","Chrysoflagellaten","spp.",NA
"204","Chrysolykos angulatum","Chrysolykos","angulatum","2a-SmallChry1"
"205","Chrysolykos gracilis","Chrysolykos","gracilis","2a-SmallChry1"
"206","Chrysolykos planctonicus","Chrysolykos","planctonicus","2a-SmallChry1"
"207","Chrysolykos skujai","Chrysolykos","skujai","2a-SmallChry1"
"208","Chrysosphaerella longispina","Chrysosphaerella","longispina",NA
"209","Chrysosphaerella spp.","Chrysosphaerella","spp.",NA
"210","Cladomonas fruticulosa","Cladomonas","fruticulosa",NA
"211","Closteriopsis acicularis","Closteriopsis","acicularis","8a-LargeCoCh"
"212","Closteriopsis longissima","Closteriopsis","longissima","8a-LargeCoCh"
"213","Closteriopsis spp.","Closteriopsis","spp.","8a-LargeCoCh"
"214","Closterium acerosum","Closterium","acerosum","8a-LargeCoCh"
"215","Closterium aciculare","Closterium","aciculare","8a-LargeCoCh"
"216","Closterium acutum","Closterium","acutum","8a-LargeCoCh"
"217","Closterium cornu","Closterium","cornu","8a-LargeCoCh"
"218","Closterium dianae","Closterium","dianae","8a-LargeCoCh"
"219","Closterium gracile","Closterium","gracile","8a-LargeCoCh"
"220","Closterium incurvum","Closterium","incurvum","8a-LargeCoCh"
"221","Closterium jenneri","Closterium","jenneri","8a-LargeCoCh"
"222","Closterium limneticum","Closterium","limneticum","8a-LargeCoCh"
"223","Closterium lineatum","Closterium","lineatum","8a-LargeCoCh"
"224","Closterium moniliferum","Closterium","moniliferum","8a-LargeCoCh"
"225","Closterium nordstedtii","Closterium","nordstedtii","8a-LargeCoCh"
"226","Closterium spp.","Closterium","spp.","8a-LargeCoCh"
"227","Closterium striolatum","Closterium","striolatum","8a-LargeCoCh"
"228","Coccomonas spp.","Coccomonas","spp.",NA
"229","Coccomyxa littoralis","Coccomyxa","littoralis",NA
"230","Cocconeis pediculus","Cocconeis","pediculus","7b-SmallPenn"
"231","Cocconeis placentula","Cocconeis","placentula","7b-SmallPenn"
"232","Cocconeis spp.","Cocconeis","spp.","7b-SmallPenn"
"233","Codatella spp.","Codatella","spp.",NA
"234","Codosiga botrytis","Codosiga","botrytis",NA
"235","Codosiga spp.","Codosiga","spp.",NA
"236","Coelastrum astroideum","Coelastrum","astroideum","11a-NakeChlor"
"237","Coelastrum cambricum","Coelastrum","cambricum","11a-NakeChlor"
"238","Coelastrum indicum","Coelastrum","indicum","11a-NakeChlor"
"239","Coelastrum microporum","Coelastrum","microporum","11a-NakeChlor"
"240","Coelastrum polychordum","Coelastrum","polychordum","11a-NakeChlor"
"241","Coelastrum proboscideum","Coelastrum","proboscideum","11a-NakeChlor"
"242","Coelastrum pseudomicroporum","Coelastrum","pseudomicroporum","11a-NakeChlor"
"243","Coelastrum reticulatum","Coelastrum","reticulatum","11a-NakeChlor"
"244","Coelastrum sphaericum","Coelastrum","sphaericum","11a-NakeChlor"
"245","Coelastrum spp.","Coelastrum","spp.","11a-NakeChlor"
"246","Coelosphaerium naegelianum","Coelosphaerium","naegelianum","5c-OtherChroo"
"247","Coelosphaerium spp.","Coelosphaerium","spp.","5c-OtherChroo"
"248","Coenochloris hindakii","Coenochloris","hindakii",NA
"249","Coenochloris polycocca","Coenochloris","polycocca",NA
"250","Coenochloris pyrenoideum","Coenochloris","pyrenoideum",NA
"251","Coenochloris pyrenoidosa","Coenochloris","pyrenoidosa",NA
"252","Coenochloris spp.","Coenochloris","spp.",NA
"253","Coenocystis planctonica","Coenocystis","planctonica","11b-GelaChlor"
"254","Coenocystis spp.","Coenocystis","spp.","11b-GelaChlor"
"255","Coenocystis subcylindrica","Coenocystis","subcylindrica","11b-GelaChlor"
"256","Coerastrum astroideum","Coerastrum","astroideum",NA
"257","Colacium spp.","Colacium","spp.",NA
"258","Colonial chrysophyte","Colonial","chrysophyte",NA
"259","Coronastrum lunatum","Coronastrum","lunatum",NA
"260","Coronastrum spp.","Coronastrum","spp.",NA
"261","Cosmarium abbreviatum","Cosmarium","abbreviatum","9a-SmallConj"
"262","Cosmarium biretum","Cosmarium","biretum","9a-SmallConj"
"263","Cosmarium botrytis","Cosmarium","botrytis","9a-SmallConj"
"264","Cosmarium contractum","Cosmarium","contractum","9a-SmallConj"
"265","Cosmarium cucurbitinum","Cosmarium","cucurbitinum","9a-SmallConj"
"266","Cosmarium depressum","Cosmarium","depressum","9a-SmallConj"
"267","Cosmarium granatum","Cosmarium","granatum","9a-SmallConj"
"268","Cosmarium laeve","Cosmarium","laeve","9a-SmallConj"
"269","Cosmarium moniliforme","Cosmarium","moniliforme","9a-SmallConj"
"270","Cosmarium punctulatum","Cosmarium","punctulatum",NA
"271","Cosmarium pusillum","Cosmarium","pusillum",NA
"272","Cosmarium pygmaeum","Cosmarium","pygmaeum","9a-SmallConj"
"273","Cosmarium reniforme","Cosmarium","reniforme","8a-LargeCoCh"
"274","Cosmarium spp.","Cosmarium","spp.","9a-SmallConj"
"275","Cosmarium subprotumidum","Cosmarium","subprotumidum","9a-SmallConj"
"276","Cosmarium subtumidum","Cosmarium","subtumidum","9a-SmallConj"
"277","Cosmarium tenue","Cosmarium","tenue","9a-SmallConj"
"278","Cosmarium tumidum","Cosmarium","tumidum","9a-SmallConj"
"279","Cosmocladium constrictum","Cosmocladium","constrictum",NA
"280","Crucigenia apiculata","Crucigenia","apiculata",NA
"281","Crucigenia crucifera","Crucigenia","crucifera",NA
"282","Crucigenia irregularis","Crucigenia","irregularis",NA
"283","Crucigenia lauterbornii","Crucigenia","lauterbornii",NA
"284","Crucigenia mucronata","Crucigenia","mucronata",NA
"285","Crucigenia quadrata","Crucigenia","quadrata","11a-NakeChlor"
"286","Crucigenia rectangularis","Crucigenia","rectangularis",NA
"287","Crucigenia spp.","Crucigenia","spp.",NA
"288","Crucigenia tetrapedia","Crucigenia","tetrapedia","11b-GelaChlor"
"289","Crucigenia truncata","Crucigenia","truncata",NA
"290","Crucigeniella apiculata","Crucigeniella","apiculata","11a-NakeChlor"
"291","Crucigeniella crucifera","Crucigeniella","crucifera","11a-NakeChlor"
"292","Crucigeniella rectangularis","Crucigeniella","rectangularis","11a-NakeChlor"
"293","Crucigeniella spp.","Crucigeniella","spp.","11a-NakeChlor"
"294","Cryptomonas caudata","Cryptomonas","caudata","2d-Crypto"
"295","Cryptomonas erosa","Cryptomonas","erosa","2d-Crypto"
"296","Cryptomonas gracilis","Cryptomonas","gracilis","2d-Crypto"
"297","Cryptomonas lucens","Cryptomonas","lucens","2d-Crypto"
"298","Cryptomonas marsonii","Cryptomonas","marsonii","2d-Crypto"
"299","Cryptomonas ovata","Cryptomonas","ovata","2d-Crypto"
"300","Cryptomonas rostrata","Cryptomonas","rostrata","2d-Crypto"
"301","Cryptomonas rostratiformis","Cryptomonas","rostratiformis","2d-Crypto"
"302","Cryptomonas spp.","Cryptomonas","spp.","2d-Crypto"
"303","Cyanobacteria spp.","Cyanobacteria","spp.",NA
"304","Cyanocatena planctonica","Cyanocatena","planctonica",NA
"305","Cyanodictyon planctonicum","Cyanodictyon","planctonicum",NA
"306","Cyanogranis ferruginea","Cyanogranis","ferruginea",NA
"307","Cyanonephron styloides","Cyanonephron","styloides",NA
"308","Cyanosarcina chroococcoides","Cyanosarcina","chroococcoides",NA
"309","Cybella spp.","Cybella","spp.",NA
"310","Cyclostephanos dubius","Cyclostephanos","dubius",NA
"311","Cyclostephanos invisitatus","Cyclostephanos","invisitatus",NA
"312","Cyclostephanos tholiformis","Cyclostephanos","tholiformis",NA
"313","Cyclotella atomus","Cyclotella","atomus","7a-SmallCent"
"314","Cyclotella bodanica","Cyclotella","bodanica","7a-SmallCent"
"315","Cyclotella comensis","Cyclotella","comensis","7a-SmallCent"
"316","Cyclotella costei","Cyclotella","costei","7a-SmallCent"
"317","Cyclotella cyclopuncta","Cyclotella","cyclopuncta","7a-SmallCent"
"318","Cyclotella delicatula","Cyclotella","delicatula","7a-SmallCent"
"319","Cyclotella distinguenda","Cyclotella","distinguenda","7a-SmallCent"
"320","Cyclotella glomerata","Cyclotella","glomerata","7a-SmallCent"
"321","Cyclotella kuetzingiana","Cyclotella","kuetzingiana","7a-SmallCent"
"322","Cyclotella meduanae","Cyclotella","meduanae","7a-SmallCent"
"323","Cyclotella meneghiniana","Cyclotella","meneghiniana","7a-SmallCent"
"324","Cyclotella ocellata","Cyclotella","ocellata","7a-SmallCent"
"325","Cyclotella operculata","Cyclotella","operculata","7a-SmallCent"
"326","Cyclotella polymorpha","Cyclotella","polymorpha","7a-SmallCent"
"327","Cyclotella pseudostelligera","Cyclotella","pseudostelligera","7a-SmallCent"
"328","Cyclotella radiosa","Cyclotella","radiosa","7a-SmallCent"
"329","Cyclotella spp.","Cyclotella","spp.","7a-SmallCent"
"330","Cyclotella stelligera","Cyclotella","stelligera","7a-SmallCent"
"331","Cylindrospermopsis curvispora","Cylindrospermopsis","curvispora","5e-Nostocales"
"332","Cylindrospermopsis raciborskii","Cylindrospermopsis","raciborskii","5e-Nostocales"
"333","Cymatopleura elliptica","Cymatopleura","elliptica","6b2-LUniPenn"
"334","Cymatopleura solea","Cymatopleura","solea","6b2-LUniPenn"
"335","Cymatopleura spp.","Cymatopleura","spp.","6b2-LUniPenn"
"336","Cymbella affinis","Cymbella","affinis","7b-SmallPenn"
"337","Cymbella amphicephala","Cymbella","amphicephala","7b-SmallPenn"
"338","Cymbella caespitosa","Cymbella","caespitosa","7b-SmallPenn"
"339","Cymbella delicatula","Cymbella","delicatula","7b-SmallPenn"
"340","Cymbella ehrenbergii","Cymbella","ehrenbergii","7b-SmallPenn"
"341","Cymbella excisa","Cymbella","excisa","7b-SmallPenn"
"342","Cymbella helvetica","Cymbella","helvetica","7b-SmallPenn"
"343","Cymbella lanceolata","Cymbella","lanceolata","7b-SmallPenn"
"344","Cymbella microcephala","Cymbella","microcephala","7b-SmallPenn"
"345","Cymbella minuta","Cymbella","minuta","7b-SmallPenn"
"346","Cymbella naviculiformis","Cymbella","naviculiformis","7b-SmallPenn"
"347","Cymbella prostrata","Cymbella","prostrata","7b-SmallPenn"
"348","Cymbella spp.","Cymbella","spp.","7b-SmallPenn"
"349","Cymbella tumida","Cymbella","tumida","7b-SmallPenn"
"350","Cymbella ventricosa","Cymbella","ventricosa","7b-SmallPenn"
"351","Cystomonas starrii","Cystomonas","starrii",NA
"352","Dactylococcopsis irregularis","Dactylococcopsis","irregularis",NA
"353","Dactylococcopsis spp.","Dactylococcopsis","spp.",NA
"354","Dactylosphaerium spp.","Dactylosphaerium","spp.",NA
"355","Deasonia gigantica","Deasonia","gigantica",NA
"356","Deasonia Gigantica","Deasonia","Gigantica",NA
"357","Denticula tenuis","Denticula","tenuis","7b-SmallPenn"
"358","Desmarella brachycalyx","Desmarella","brachycalyx",NA
"359","Desmarella spp.","Desmarella","spp.",NA
"360","Desmatractum spp.","Desmatractum","spp.",NA
"361","Diacantos belenophorus","Diacantos","belenophorus",NA
"362","Diacantos spp.","Diacantos","spp.",NA
"363","Diatoma ehrenbergii","Diatoma","ehrenbergii","6b1-LColPenn"
"364","Diatoma elongatum","Diatoma","elongatum",NA
"365","Diatoma moniliformis","Diatoma","moniliformis","7b-SmallPenn"
"366","Diatoma spp.","Diatoma","spp.","7b-SmallPenn"
"367","Diatoma tenue","Diatoma","tenue","7b-SmallPenn"
"368","Diatoma tenuis","Diatoma","tenuis","6b1-LColPenn"
"369","Diatoma vulgare","Diatoma","vulgare","6b1-LColPenn"
"370","Diatoma vulgaris","Diatoma","vulgaris",NA
"371","Diatoms spp.","Diatoms","spp.",NA
"372","Dicellula geminata","Dicellula","geminata",NA
"373","Dicellula planctonica","Dicellula","planctonica",NA
"374","Dicellula spp.","Dicellula","spp.",NA
"375","Dichotomococcus curvatus","Dichotomococcus","curvatus",NA
"376","Dichotomococcus spp.","Dichotomococcus","spp.",NA
"377","Dicloster acuatus","Dicloster","acuatus",NA
"378","Dicloster spp.","Dicloster","spp.",NA
"379","Dictyosphaerium chlorelloides","Dictyosphaerium","chlorelloides","11b-GelaChlor"
"380","Dictyosphaerium ehrenbergianum","Dictyosphaerium","ehrenbergianum","11b-GelaChlor"
"381","Dictyosphaerium jurisii","Dictyosphaerium","jurisii","11b-GelaChlor"
"382","Dictyosphaerium pulchellum","Dictyosphaerium","pulchellum","11b-GelaChlor"
"383","Dictyosphaerium spp.","Dictyosphaerium","spp.","11b-GelaChlor"
"384","Dictyosphaerium subsolitarium","Dictyosphaerium","subsolitarium","11b-GelaChlor"
"385","Didymocystis bicellularis","Didymocystis","bicellularis",NA
"386","Didymocystis fina","Didymocystis","fina",NA
"387","Didymocystis planctonica","Didymocystis","planctonica",NA
"388","Didymocystis spp.","Didymocystis","spp.",NA
"389","Didymogenes anomala","Didymogenes","anomala",NA
"390","Didymogenes palatina","Didymogenes","palatina",NA
"391","Didymogenes spp.","Didymogenes","spp.",NA
"392","Dimorphococcus cordatus","Dimorphococcus","cordatus",NA
"393","Dimorphococcus lunatus","Dimorphococcus","lunatus",NA
"394","Dimorphococcus spp.","Dimorphococcus","spp.",NA
"395","Dinobryon anneciense","Dinobryon","anneciense","1a-LargeChry"
"396","Dinobryon bavaricum","Dinobryon","bavaricum","1a-LargeChry"
"397","Dinobryon calyciforme","Dinobryon","calyciforme","1a-LargeChry"
"398","Dinobryon cylindrica","Dinobryon","cylindrica","1a-LargeChry"
"399","Dinobryon cylindricum","Dinobryon","cylindricum","1a-LargeChry"
"400","Dinobryon divergens","Dinobryon","divergens","1a-LargeChry"
"401","Dinobryon elegantissimum","Dinobryon","elegantissimum","1a-LargeChry"
"402","Dinobryon monads","Dinobryon","monads","1a-LargeChry"
"403","Dinobryon pediforme","Dinobryon","pediforme","1a-LargeChry"
"404","Dinobryon petiolatum","Dinobryon","petiolatum","1a-LargeChry"
"405","Dinobryon sertularia","Dinobryon","sertularia","1a-LargeChry"
"406","Dinobryon sociale","Dinobryon","sociale","1a-LargeChry"
"407","Dinobryon spp.","Dinobryon","spp.","1a-LargeChry"
"408","Dinophyceae spp.","Dinophyceae","spp.",NA
"409","Dinosphaera palustris","Dinosphaera","palustris",NA
"410","Diplochloris spp.","Diplochloris","spp.",NA
"411","Diploneis oblongella","Diploneis","oblongella",NA
"412","Diploneis ovalis","Diploneis","ovalis",NA
"413","Diploneis spp.","Diploneis","spp.",NA
"414","Diplopsalsis acuta","Diplopsalsis","acuta",NA
"415","Discostella stelligera","Discostella","stelligera","7a-SmallCent"
"416","Discostella woltereckii","Discostella","woltereckii","7a-SmallCent"
"417","Dispora crucigenioides","Dispora","crucigenioides",NA
"418","Dydimocystis planctonica","Dydimocystis","planctonica",NA
"419","Echinosphaerella limnetica","Echinosphaerella","limnetica",NA
"420","Elakatothrix gelatinosa","Elakatothrix","gelatinosa","11b-GelaChlor"
"421","Elakatothrix parvula","Elakatothrix","parvula","11b-GelaChlor"
"422","Elakatothrix spp.","Elakatothrix","spp.","11b-GelaChlor"
"423","Elakatothrix viridis","Elakatothrix","viridis","11b-GelaChlor"
"424","Encyonema minutum","Encyonema","minutum",NA
"425","Encyonopsis microcephala","Encyonopsis","microcephala",NA
"426","Epipyxis condensata","Epipyxis","condensata","2a-SmallChry1"
"427","Epipyxis cylindrica","Epipyxis","cylindrica","2a-SmallChry1"
"428","Epipyxis planctonica","Epipyxis","planctonica","2a-SmallChry1"
"429","Epipyxis polymorpha","Epipyxis","polymorpha","2a-SmallChry1"
"430","Epipyxis spp.","Epipyxis","spp.","2a-SmallChry1"
"431","Epithemia adnata","Epithemia","adnata","6b2-LUniPenn"
"432","Epithemia spp.","Epithemia","spp.","6b2-LUniPenn"
"433","Erkenia spp.","Erkenia","spp.",NA
"434","Erkenia subaequiciliata","Erkenia","subaequiciliata",NA
"435","Errerella bornheimiensis","Errerella","bornheimiensis",NA
"436","Euastrum spp.","Euastrum","spp.","9a-SmallConj"
"437","Eucapsis alpina","Eucapsis","alpina",NA
"438","Eudorina elegans","Eudorina","elegans","3b-ColoPhyto"
"439","Eudorina spp.","Eudorina","spp.","3b-ColoPhto"
"440","Eudorina unicocca","Eudorina","unicocca","3b-ColoPhto"
"441","Euglena acus","Euglena","acus","1c-LargeEugl"
"442","Euglena spp.","Euglena","spp.","1c-LargeEugl"
"443","Euglenophyta spp.","Euglenophyta","spp.",NA
"444","Eunotia arcus","Eunotia","arcus","7b-SmallPenn"
"445","Eunotia bilunaris","Eunotia","bilunaris","7b-SmallPenn"
"446","Eunotia exigua","Eunotia","exigua","7b-SmallPenn"
"447","Eunotia implicata","Eunotia","implicata","7b-SmallPenn"
"448","Eunotia naegelii","Eunotia","naegelii","7b-SmallPenn"
"449","Eunotia pectinalis","Eunotia","pectinalis","7b-SmallPenn"
"450","Eunotia spp.","Eunotia","spp.","7b-SmallPenn"
"451","Eutetramorus fottii","Eutetramorus","fottii",NA
"452","Eutetramorus spp.","Eutetramorus","spp.",NA
"453","Eutetramorus tetrasporus","Eutetramorus","tetrasporus",NA
"454","Excentrosphaera viridis","Excentrosphaera","viridis",NA
"455","Fotterella tetrachlorella","Fotterella","tetrachlorella",NA
"456","Fragilaria arcus","Fragilaria","arcus","6b1-LColPenn"
"457","Fragilaria berolinensis","Fragilaria","berolinensis","6b1-LColPenn"
"458","Fragilaria capucina","Fragilaria","capucina","6b1-LColPenn"
"459","Fragilaria construens","Fragilaria","construens","6b1-LColPenn"
"460","Fragilaria crotonensis","Fragilaria","crotonensis","6b1-LColPenn"
"461","Fragilaria cyclopum","Fragilaria","cyclopum","6b1-LColPenn"
"462","Fragilaria longifusiformis","Fragilaria","longifusiformis","6b1-LColPenn"
"463","Fragilaria perminuta","Fragilaria","perminuta","6b1-LColPenn"
"464","Fragilaria pinnata","Fragilaria","pinnata","6b1-LColPenn"
"465","Fragilaria spp.","Fragilaria","spp.","6b1-LColPenn"
"466","Fragilaria tenera","Fragilaria","tenera","6b2-LUniPenn"
"467","Fragilaria ulna","Fragilaria","ulna","6b2-LUniPenn"
"468","Fragilaria vaucheriae","Fragilaria","vaucheriae","7b-SmallPenn"
"469","Fragilaria virescens","Fragilaria","virescens","6b1-LColPenn"
"470","Franceia amphitricha","Franceia","amphitricha",NA
"471","Franceia ovalis","Franceia","ovalis",NA
"472","Franceia spp.","Franceia","spp.",NA
"473","Geissleria acceptata","Geissleria","acceptata",NA
"474","Geitlerinema acutissimum","Geitlerinema","acutissimum",NA
"475","Glenodinium quadridens","Glenodinium","quadridens","2b-SmallDino"
"476","Glenodinium quadridenus","Glenodinium","quadridenus","2b-SmallDino"
"477","Glenodinium spp.","Glenodinium","spp.","2b-SmallDino"
"478","Gloeoactinuim limneticum","Gloeoactinuim","limneticum",NA
"479","Gloeocapsa granosa","Gloeocapsa","granosa","5c-OtherChroo"
"480","Gloeococcus minor","Gloeococcus","minor",NA
"481","Gloeocystis ampla","Gloeocystis","ampla","11b-GelaChlor"
"482","Gloeocystis gigas","Gloeocystis","gigas","11b-GelaChlor"
"483","Gloeocystis spp.","Gloeocystis","spp.","11b-GelaChlor"
"484","Gloeocystis vesiculosa","Gloeocystis","vesiculosa","11b-GelaChlor"
"485","Gloeothece spp.","Gloeothece","spp.","5d-SmallChroo"
"486","Gloeotila pelagica","Gloeotila","pelagica",NA
"487","Gloeotila spiralis","Gloeotila","spiralis",NA
"488","Gloeotila spp.","Gloeotila","spp.",NA
"489","Gloeotrichia echinulata","Gloeotrichia","echinulata",NA
"490","Gloeotrichia spp.","Gloeotrichia","spp.",NA
"491","Golenkinia radiata","Golenkinia","radiata","9b-SmallChlor"
"492","Golenkinia spp.","Golenkinia","spp.","9b-SmallChlor"
"493","Golenkiniopsis chlorelloides","Golenkiniopsis","chlorelloides",NA
"494","Golenkiniopsis parvula","Golenkiniopsis","parvula",NA
"495","Golenkiniopsis spp.","Golenkiniopsis","spp.",NA
"496","Gomphonema affine","Gomphonema","affine","7b-SmallPenn"
"497","Gomphonema minutum","Gomphonema","minutum","7b-SmallPenn"
"498","Gomphonema olivaceum","Gomphonema","olivaceum","7b-SmallPenn"
"499","Gomphonema parvulum","Gomphonema","parvulum","7b-SmallPenn"
"500","Gomphonema pumilum","Gomphonema","pumilum","7b-SmallPenn"
"501","Gomphonema spp.","Gomphonema","spp.","7b-SmallPenn"
"502","Gomphonema truncatum","Gomphonema","truncatum","7b-SmallPenn"
"503","Gomphosphaeria aponina","Gomphosphaeria","aponina",NA
"504","Gomphosphaeria lacustris","Gomphosphaeria","lacustris",NA
"505","Gomphosphaeria rosea","Gomphosphaeria","rosea",NA
"506","Gomphosphaeria spp.","Gomphosphaeria","spp.",NA
"507","Gonatozygon kinahanii","Gonatozygon","kinahanii",NA
"508","Goniochloris spp.","Goniochloris","spp.",NA
"509","Gonium formosum","Gonium","formosum","3b-ColoPhto"
"510","Gonium pectorale","Gonium","pectorale","3b-ColoPhto"
"511","Gonium spp.","Gonium","spp.","3b-ColoPhto"
"512","Gonyaulax apiculata","Gonyaulax","apiculata",NA
"513","Gonyostomum spp.","Gonyostomum","spp.",NA
"514","Granulocystopsis pseudocoronata","Granulocystopsis","pseudocoronata",NA
"515","Gymnodinium aeruginosum","Gymnodinium","aeruginosum","2b-SmallDino"
"516","Gymnodinium excavatum","Gymnodinium","excavatum","2b-SmallDino"
"517","Gymnodinium helveticum","Gymnodinium","helveticum","1b-LargeDino"
"518","Gymnodinium lantzschii","Gymnodinium","lantzschii","2b-SmallDino"
"519","Gymnodinium purpureum","Gymnodinium","purpureum","2b-SmallDino"
"520","Gymnodinium simile","Gymnodinium","simile","2b-SmallDino"
"521","Gymnodinium spp.","Gymnodinium","spp.","2b-SmallDino"
"522","Gymnodinium ubberrimum","Gymnodinium","ubberrimum","2b-SmallDino"
"523","Gymnodinium umberrinum","Gymnodinium","umberrinum","2b-SmallDino"
"524","Gyrosigma acuminatum","Gyrosigma","acuminatum","6b2-LUniPenn"
"525","Gyrosigma attenuatum","Gyrosigma","attenuatum","6b2-LUniPenn"
"526","Gyrosigma spp.","Gyrosigma","spp.","6b2-LUniPenn"
"527","Haematococcus lacustris","Haematococcus","lacustris",NA
"528","Haematococcus spp.","Haematococcus","spp.",NA
"529","Hantzschia amphioxis","Hantzschia","amphioxis","6b2-LUniPenn"
"530","Hantzschia spp.","Hantzschia","spp.","6b2-LUniPenn"
"531","Heterothrix spp.","Heterothrix","spp.",NA
"532","Heterothrix tenuissima","Heterothrix","tenuissima",NA
"533","Hofmania spp.","Hofmania","spp.",NA
"534","Hormidium spp.","Hormidium","spp.",NA
"535","Hormidium subtile","Hormidium","subtile",NA
"536","Hyaloraphidium contortum","Hyaloraphidium","contortum",NA
"537","Isthmochloron spp.","Isthmochloron","spp.",NA
"538","Jaaginema geminatum","Jaaginema","geminatum",NA
"539","Katodinium fongiforme","Katodinium","fongiforme","2b-SmallDino"
"540","Katodinium fungiforme","Katodinium","fungiforme","2b-SmallDino"
"541","Katodinium simile","Katodinium","simile","2b-SmallDino"
"542","Kephyrion gracile","Kephyrion","gracile","2a-SmallChry1"
"543","Kephyrion gracilis","Kephyrion","gracilis","2a-SmallChry1"
"544","Kephyrion littorale","Kephyrion","littorale","2a-SmallChry1"
"545","Kephyrion petasatum","Kephyrion","petasatum","2a-SmallChry1"
"546","Kephyrion planctonicum","Kephyrion","planctonicum","2a-SmallChry1"
"547","Kephyrion rubricalustri","Kephyrion","rubricalustri","2a-SmallChry1"
"548","Kephyrion skujae","Kephyrion","skujae","2a-SmallChry1"
"549","Kephyrion spirale","Kephyrion","spirale","2a-SmallChry1"
"550","Kephyrion spp.","Kephyrion","spp.","2a-SmallChry1"
"551","Keratococcus spp.","Keratococcus","spp.",NA
"552","Kirchneriella contorta","Kirchneriella","contorta","11b-GelaChlor"
"553","Kirchneriella danubiana","Kirchneriella","danubiana","11b-GelaChlor"
"554","Kirchneriella dianae","Kirchneriella","dianae","11b-GelaChlor"
"555","Kirchneriella irregularis","Kirchneriella","irregularis","11b-GelaChlor"
"556","Kirchneriella lunaris","Kirchneriella","lunaris","11b-GelaChlor"
"557","Kirchneriella obesa","Kirchneriella","obesa","11b-GelaChlor"
"558","Kirchneriella spp.","Kirchneriella","spp.","11b-GelaChlor"
"559","Klebsormidium spp.","Klebsormidium","spp.",NA
"560","Koliella elongata","Koliella","elongata","9b-SmallChlor"
"561","Koliella spp.","Koliella","spp.","9b-SmallChlor"
"562","Kolkwitziella acuta","Kolkwitziella","acuta",NA
"563","Komarekia spp.","Komarekia","spp.",NA
"564","Komvophoron spp.","Komvophoron","spp.",NA
"565","Korshikoviella limnetica","Korshikoviella","limnetica","8a-LargeCoCh"
"566","Korshikoviella spp.","Korshikoviella","spp.","8a-LargeCoCh"
"567","Lagerheimia ciliata","Lagerheimia","ciliata","11a-NakeChlor"
"568","Lagerheimia citriformis","Lagerheimia","citriformis","11a-NakeChlor"
"569","Lagerheimia genevensis","Lagerheimia","genevensis","11a-NakeChlor"
"570","Lagerheimia longiseta","Lagerheimia","longiseta","11a-NakeChlor"
"571","Lagerheimia quadriseta","Lagerheimia","quadriseta","11a-NakeChlor"
"572","Lagerheimia spp.","Lagerheimia","spp.","11a-NakeChlor"
"573","Lagerheimia subsalsa","Lagerheimia","subsalsa","11a-NakeChlor"
"574","Lagerheimia wratislawiensis","Lagerheimia","wratislawiensis","11a-NakeChlor"
"575","Lambertia judayi","Lambertia","judayi",NA
"576","Lemmermanniella parva","Lemmermanniella","parva",NA
"577","Lemmermanniella spp.","Lemmermanniella","spp.",NA
"578","Lepocinclis spp.","Lepocinclis","spp.","2c-SmallEugl"
"579","Leptolyngbya lagerheimii","Leptolyngbya","lagerheimii",NA
"580","Limnothrix guttulata","Limnothrix","guttulata","5a-FilaCyano"
"581","Limnothrix obliqueacuminata","Limnothrix","obliqueacuminata","5a-FilaCyano"
"582","Limnothrix planctonica","Limnothrix","planctonica","5a-FilaCyano"
"583","Limnothrix redekei","Limnothrix","redekei","5a-FilaCyano"
"584","Limnothrix spp.","Limnothrix","spp.","5a-FilaCyano"
"585","Lobomonas rostrata","Lobomonas","rostrata",NA
"586","Lobomonas spp.","Lobomonas","spp.",NA
"587","Lyngbya circumcreta","Lyngbya","circumcreta",NA
"588","Lyngbya contorta","Lyngbya","contorta",NA
"589","Lyngbya lagerheimia","Lyngbya","lagerheimia",NA
"590","Lyngbya limnetica","Lyngbya","limnetica",NA
"591","Lyngbya spp.","Lyngbya","spp.",NA
"592","Lyngbya subtilis","Lyngbya","subtilis",NA
"593","Mallomonas acaroides","Mallomonas","acaroides","2a-SmallChry1"
"594","Mallomonas akrokomos","Mallomonas","akrokomos","2a-SmallChry1"
"595","Mallomonas areolata","Mallomonas","areolata","2a-SmallChry1"
"596","Mallomonas caudata","Mallomonas","caudata","2a-SmallChry1"
"597","Mallomonas elongata","Mallomonas","elongata","2a-SmallChry1"
"598","Mallomonas fastigata","Mallomonas","fastigata","2a-SmallChry1"
"599","Mallomonas lefevriana","Mallomonas","lefevriana","2a-SmallChry1"
"600","Mallomonas pseudocoronata","Mallomonas","pseudocoronata","2a-SmallChry1"
"601","Mallomonas questionable","Mallomonas","questionable","2a-SmallChry1"
"602","Mallomonas spp.","Mallomonas","spp.","2a-SmallChry1"
"603","Mallomonas tonsurata","Mallomonas","tonsurata","2a-SmallChry1"
"604","Marssoniella spp.","Marssoniella","spp.",NA
"605","Melosira ambigua","Melosira","ambigua","6a1-LColCent"
"606","Melosira distans","Melosira","distans","6a1-LColCent"
"607","Melosira granulata","Melosira","granulata","6a1-LColCent"
"608","Melosira italica","Melosira","italica","6a1-LColCent"
"609","Melosira solida","Melosira","solida","6a1-LColCent"
"610","Melosira spp.","Melosira","spp.","6a1-LColCent"
"611","Melosira varians","Melosira","varians","6a1-LColCent"
"612","Meridion circulare","Meridion","circulare",NA
"613","Merismopedia cf","Merismopedia","cf","5d-SmallChroo"
"614","Merismopedia duplex","Merismopedia","duplex","5d-SmallChroo"
"615","Merismopedia elegans","Merismopedia","elegans","5d-SmallChroo"
"616","Merismopedia glauca","Merismopedia","glauca","5d-SmallChroo"
"617","Merismopedia minima","Merismopedia","minima","5d-SmallChroo"
"618","Merismopedia punctata","Merismopedia","punctata","5d-SmallChroo"
"619","Merismopedia spp.","Merismopedia","spp.","5d-SmallChroo"
"620","Merismopedia tenuissima","Merismopedia","tenuissima","5d-SmallChroo"
"621","Merismopedia warmingiana","Merismopedia","warmingiana","5d-SmallChroo"
"622","Micractinium bornheimiense","Micractinium","bornheimiense","11a-NakeChlor"
"623","Micractinium crassisetum","Micractinium","crassisetum","11a-NakeChlor"
"624","Micractinium pusillum","Micractinium","pusillum","11a-NakeChlor"
"625","Micractinium spp.","Micractinium","spp.","11a-NakeChlor"
"626","Microcystis aeruginosa","Microcystis","aeruginosa","5b-LargeVacC"
"627","Microcystis flos-aquae","Microcystis","flos-aquae","5b-LargeVacC"
"628","Microcystis ichthoblabe","Microcystis","ichthoblabe","5b-LargeVacC"
"629","Microcystis incerta","Microcystis","incerta","5b-LargeVacC"
"630","Microcystis novacekii","Microcystis","novacekii","5b-LargeVacC"
"631","Microcystis spp.","Microcystis","spp.","5b-LargeVacC"
"632","Microcystis viridis","Microcystis","viridis","5b-LargeVacC"
"633","Microcystis wesenbergii","Microcystis","wesenbergii","5b-LargeVacC"
"634","Monodus spp.","Monodus","spp.",NA
"635","Monomastix astigmata","Monomastix","astigmata",NA
"636","Monomastix minuta","Monomastix","minuta",NA
"637","Monomastix spp.","Monomastix","spp.",NA
"638","Monoraphidium arcuatum","Monoraphidium","arcuatum","9b-SmallChlor"
"639","Monoraphidium braunii","Monoraphidium","braunii",NA
"640","Monoraphidium capricornutum","Monoraphidium","capricornutum",NA
"641","Monoraphidium circinale","Monoraphidium","circinale",NA
"642","Monoraphidium contortum","Monoraphidium","contortum","8a-LargeCoCh"
"643","Monoraphidium convolutum","Monoraphidium","convolutum",NA
"644","Monoraphidium dybowskii","Monoraphidium","dybowskii","9b-SmallChlor"
"645","Monoraphidium griffithii","Monoraphidium","griffithii",NA
"646","Monoraphidium indicum","Monoraphidium","indicum",NA
"647","Monoraphidium irregulare","Monoraphidium","irregulare",NA
"648","Monoraphidium komarkovae","Monoraphidium","komarkovae","8a-LargeCoCh"
"649","Monoraphidium minutum","Monoraphidium","minutum","9b-SmallChlor"
"650","Monoraphidium nanum","Monoraphidium","nanum","9b-SmallChlor"
"651","Monoraphidium skujae","Monoraphidium","skujae",NA
"652","Monoraphidium spp.","Monoraphidium","spp.",NA
"653","Monoraphidium subclavatum","Monoraphidium","subclavatum",NA
"654","Monoraphidium tortile","Monoraphidium","tortile",NA
"655","Monorapidium komarkovae","Monorapidium","komarkovae",NA
"656","Monosiga spp.","Monosiga","spp.",NA
"657","Monosiga varians","Monosiga","varians",NA
"658","Mougeoatia spp.","Mougeoatia","spp.",NA
"659","Mougeotia gracillima","Mougeotia","gracillima","10b-FilaConj"
"660","Mougeotia ornata","Mougeotia","ornata","10b-FilaConj"
"661","Mougeotia spp.","Mougeotia","spp.","10b-FilaConj"
"662","Myxobaktron salinum","Myxobaktron","salinum",NA
"663","Myxosarcina spectabilis","Myxosarcina","spectabilis",NA
"664","Myxosarcina spp.","Myxosarcina","spp.",NA
"665","Nannochloris atomus","Nannochloris","atomus",NA
"666","Nanoplankton spp.","Nanoplankton","spp.",NA
"667","Navicula accomoda","Navicula","accomoda","7b-SmallPenn"
"668","Navicula bacillum","Navicula","bacillum","7b-SmallPenn"
"669","Navicula capitata","Navicula","capitata","7b-SmallPenn"
"670","Navicula clementi","Navicula","clementi","7b-SmallPenn"
"671","Navicula cryptocephala","Navicula","cryptocephala","6b2-LUniPenn"
"672","Navicula cryptotenella","Navicula","cryptotenella","7b-SmallPenn"
"673","Navicula gregaria","Navicula","gregaria","7b-SmallPenn"
"674","Navicula lanceolata","Navicula","lanceolata",NA
"675","Navicula minima","Navicula","minima","7b-SmallPenn"
"676","Navicula pelliculosa","Navicula","pelliculosa","7b-SmallPenn"
"677","Navicula placentula","Navicula","placentula","7b-SmallPenn"
"678","Navicula pseudoenglica","Navicula","pseudoenglica","7b-SmallPenn"
"679","Navicula pupula","Navicula","pupula","7b-SmallPenn"
"680","Navicula pupulla","Navicula","pupulla","7b-SmallPenn"
"681","Navicula reinhardtii","Navicula","reinhardtii","7b-SmallPenn"
"682","Navicula rhynchocephala","Navicula","rhynchocephala","7b-SmallPenn"
"683","Navicula scutelloides","Navicula","scutelloides","7b-SmallPenn"
"684","Navicula spp.","Navicula","spp.","7b-SmallPenn"
"685","Navicula tripunctata","Navicula","tripunctata","7b-SmallPenn"
"686","Navicula viridula","Navicula","viridula","7b-SmallPenn"
"687","Nephrochlamys spp.","Nephrochlamys","spp.",NA
"688","Nephrochlamys subsolitaria","Nephrochlamys","subsolitaria",NA
"689","Nephrochloris spp.","Nephrochloris","spp.",NA
"690","Nephrocytium agardhianum","Nephrocytium","agardhianum","11b-GelaChlor"
"691","Nephrocytium limneticum","Nephrocytium","limneticum","11b-GelaChlor"
"692","Nephrocytium perseverans","Nephrocytium","perseverans","11b-GelaChlor"
"693","Nephrocytium spp.","Nephrocytium","spp.","11b-GelaChlor"
"694","Nephroselmis angulatum","Nephroselmis","angulatum",NA
"695","Nephroselmis olivacea","Nephroselmis","olivacea",NA
"696","Nephroselmis spp.","Nephroselmis","spp.",NA
"697","Nitzschia acicularis","Nitzschia","acicularis","6b2-LUniPenn"
"698","Nitzschia actinastroides","Nitzschia","actinastroides","7b-SmallPenn"
"699","Nitzschia amphibia","Nitzschia","amphibia","7b-SmallPenn"
"700","Nitzschia angustatula","Nitzschia","angustatula","7b-SmallPenn"
"701","Nitzschia constricta","Nitzschia","constricta","7b-SmallPenn"
"702","Nitzschia dissipata","Nitzschia","dissipata","7b-SmallPenn"
"703","Nitzschia fonticola","Nitzschia","fonticola","7b-SmallPenn"
"704","Nitzschia fruticosa","Nitzschia","fruticosa","7b-SmallPenn"
"705","Nitzschia graciliformis","Nitzschia","graciliformis","6b2-LUniPenn"
"706","Nitzschia gracilis","Nitzschia","gracilis",NA
"707","Nitzschia holsatica","Nitzschia","holsatica","7b-SmallPenn"
"708","Nitzschia inconspicua","Nitzschia","inconspicua","7b-SmallPenn"
"709","Nitzschia intermedia","Nitzschia","intermedia","7b-SmallPenn"
"710","Nitzschia lacuum","Nitzschia","lacuum","7b-SmallPenn"
"711","Nitzschia levidensis","Nitzschia","levidensis","7b-SmallPenn"
"712","Nitzschia linearis","Nitzschia","linearis",NA
"713","Nitzschia obtusa","Nitzschia","obtusa","7b-SmallPenn"
"714","Nitzschia palea","Nitzschia","palea","6b2-LUniPenn"
"715","Nitzschia paleacea","Nitzschia","paleacea","7b-SmallPenn"
"716","Nitzschia perminuta","Nitzschia","perminuta","7b-SmallPenn"
"717","Nitzschia reversa","Nitzschia","reversa","7b-SmallPenn"
"718","Nitzschia sigma","Nitzschia","sigma","7b-SmallPenn"
"719","Nitzschia sigmoidea","Nitzschia","sigmoidea","7b-SmallPenn"
"720","Nitzschia spp.","Nitzschia","spp.","7b-SmallPenn"
"721","Nitzschia subacicularis","Nitzschia","subacicularis","7b-SmallPenn"
"722","Nitzschia subrostrata","Nitzschia","subrostrata","7b-SmallPenn"
"723","Nitzschia vermicularis","Nitzschia","vermicularis","7b-SmallPenn"
"724","Ochromonas crenata","Ochromonas","crenata","2d-Crypto"
"725","Ochromonas pyriformis","Ochromonas","pyriformis","2d-Crypto"
"726","Ochromonas spp.","Ochromonas","spp.","2d-Crypto"
"727","Oedogonium spp.","Oedogonium","spp.",NA
"728","Oocystis borgei","Oocystis","borgei","11b-GelaChlor"
"729","Oocystis lacustris","Oocystis","lacustris","11b-GelaChlor"
"730","Oocystis marsonii","Oocystis","marsonii","11b-GelaChlor"
"731","Oocystis naegelii","Oocystis","naegelii","11b-GelaChlor"
"732","Oocystis parva","Oocystis","parva","11b-GelaChlor"
"733","Oocystis polymorpha","Oocystis","polymorpha","11b-GelaChlor"
"734","Oocystis pusilla","Oocystis","pusilla","11b-GelaChlor"
"735","Oocystis rhomboidea","Oocystis","rhomboidea","11b-GelaChlor"
"736","Oocystis solitaria","Oocystis","solitaria","11b-GelaChlor"
"737","Oocystis spp.","Oocystis","spp.","11b-GelaChlor"
"738","Oocystis submarina","Oocystis","submarina","11b-GelaChlor"
"739","Ophiocytium spp.","Ophiocytium","spp.",NA
"740","Oscillatoria agardhii","Oscillatoria","agardhii","5a-FilaCyano"
"741","Oscillatoria amphibia","Oscillatoria","amphibia","5a-FilaCyano"
"742","Oscillatoria angustissima","Oscillatoria","angustissima","5a-FilaCyano"
"743","Oscillatoria bourrellyi","Oscillatoria","bourrellyi","5a-FilaCyano"
"744","Oscillatoria chlorina","Oscillatoria","chlorina","5a-FilaCyano"
"745","Oscillatoria hamelii","Oscillatoria","hamelii","5a-FilaCyano"
"746","Oscillatoria lemmermannii","Oscillatoria","lemmermannii","5a-FilaCyano"
"747","Oscillatoria limnetica","Oscillatoria","limnetica","5a-FilaCyano"
"748","Oscillatoria limosa","Oscillatoria","limosa","5a-FilaCyano"
"749","Oscillatoria minnesotensis","Oscillatoria","minnesotensis","5a-FilaCyano"
"750","Oscillatoria spp.","Oscillatoria","spp.","5a-FilaCyano"
"751","Oscillatoria subtillissima","Oscillatoria","subtillissima","5a-FilaCyano"
"752","Oscillatoria tenuis","Oscillatoria","tenuis","5a-FilaCyano"
"753","Pachycladon spp.","Pachycladon","spp.",NA
"754","Palmellaceae spp.","Palmellaceae","spp.",NA
"755","Palmodictyon viride","Palmodictyon","viride",NA
"756","Pandorina morum","Pandorina","morum","3b-ColoPhyto"
"757","Pandorina spp.","Pandorina","spp.",NA
"758","Pannus spumosus","Pannus","spumosus",NA
"759","Papenfussiomonas cordata","Papenfussiomonas","cordata",NA
"760","Paradoxia multiseta","Paradoxia","multiseta",NA
"761","Paulschulzia pseudovolvox","Paulschulzia","pseudovolvox",NA
"762","Paulschulzia tenera","Paulschulzia","tenera",NA
"763","Pediastrum asymmetricum","Pediastrum","asymmetricum","11a-NakeChlor"
"764","Pediastrum biradiatum","Pediastrum","biradiatum","11a-NakeChlor"
"765","Pediastrum biwae","Pediastrum","biwae","11a-NakeChlor"
"766","Pediastrum boryanum","Pediastrum","boryanum","11a-NakeChlor"
"767","Pediastrum duplex","Pediastrum","duplex","11a-NakeChlor"
"768","Pediastrum simplex","Pediastrum","simplex","11a-NakeChlor"
"769","Pediastrum spp.","Pediastrum","spp.","11a-NakeChlor"
"770","Pediastrum tetras","Pediastrum","tetras","11a-NakeChlor"
"771","Pedinomonas minutissima","Pedinomonas","minutissima",NA
"772","Pedinomonas spp.","Pedinomonas","spp.",NA
"773","Penium spinospermum","Penium","spinospermum","8a-LargeCoCh"
"774","Peridiniopsis cunningtonii","Peridiniopsis","cunningtonii","2b-SmallDino"
"775","Peridiniopsis elpatiewski","Peridiniopsis","elpatiewski","2b-SmallDino"
"776","Peridiniopsis umbonatum","Peridiniopsis","umbonatum",NA
"777","Peridinium aciculiferum","Peridinium","aciculiferum","2b-SmallDino"
"778","Peridinium berolinense","Peridinium","berolinense","1b-LargeDino"
"779","Peridinium bipes","Peridinium","bipes","1b-LargeDino"
"780","Peridinium cinctum","Peridinium","cinctum","1b-LargeDino"
"781","Peridinium elpatiewskyi","Peridinium","elpatiewskyi","1b-LargeDino"
"782","Peridinium goslaviense","Peridinium","goslaviense","1b-LargeDino"
"783","Peridinium inconspicuum","Peridinium","inconspicuum","2b-SmallDino"
"784","Peridinium penardiforme","Peridinium","penardiforme",NA
"785","Peridinium polonicum","Peridinium","polonicum",NA
"786","Peridinium spp.","Peridinium","spp.","1b-LargeDino"
"787","Peridinium umbonatum","Peridinium","umbonatum","2b-SmallDino"
"788","Peridinium willei","Peridinium","willei","1b-LargeDino"
"789","Phacotus lendneri","Phacotus","lendneri","3a-UnicPhyto"
"790","Phacotus lenticularis","Phacotus","lenticularis","3a-UnicPhyto"
"791","Phacotus spp.","Phacotus","spp.","3a-UnicPhyto"
"792","Phacus longicauda","Phacus","longicauda","1c-LargeEugl"
"793","Phacus spp.","Phacus","spp.","1c-LargeEugl"
"794","Phormidium mucicola","Phormidium","mucicola","5a-FilaCyano"
"795","Phormidium spp.","Phormidium","spp.","5a-FilaCyano"
"796","Phormidium tenue","Phormidium","tenue","5a-FilaCyano"
"797","Pinnularia spp.","Pinnularia","spp.","6b2-LUniPenn"
"798","Plagioselmis lacustris","Plagioselmis","lacustris","2d-Crypto"
"799","Plagioselmis nannoplanctica","Plagioselmis","nannoplanctica","2d-Crypto"
"800","Planctonema lauterbornii","Planctonema","lauterbornii","10a-FilaChlorp"
"801","Planctonema spp.","Planctonema","spp.","10a-FilaChlorp"
"802","Planktolyngbya contorta","Planktolyngbya","contorta","5a-FilaCyano"
"803","Planktolyngbya limnetica","Planktolyngbya","limnetica","5a-FilaCyano"
"804","Planktolyngbya spp.","Planktolyngbya","spp.","5a-FilaCyano"
"805","Planktonema lauterbornii","Planktonema","lauterbornii",NA
"806","Planktosphaeria gelatinosa","Planktosphaeria","gelatinosa","11b-GelaChlor"
"807","Planktosphaeria spp.","Planktosphaeria","spp.","11b-GelaChlor"
"808","Planktothrix agardhii","Planktothrix","agardhii","5a-FilaCyano"
"809","Planktothrix mougeotii","Planktothrix","mougeotii","5a-FilaCyano"
"810","Planktothrix rubescens","Planktothrix","rubescens","5a-FilaCyano"
"811","Planktothrix spp.","Planktothrix","spp.","5a-FilaCyano"
"812","Planothidium lanceolatum","Planothidium","lanceolatum",NA
"813","Pleodorina californica","Pleodorina","californica","3b-ColoPhyto"
"814","Pleodorina spp.","Pleodorina","spp.","3b-ColoPhto"
"815","Pleurogaster spp.","Pleurogaster","spp.",NA
"816","Pleurotaenium spp.","Pleurotaenium","spp.",NA
"817","Polyblepharides singularis","Polyblepharides","singularis",NA
"818","Polyedriopsis spinulosa","Polyedriopsis","spinulosa",NA
"819","Polygoniochloris circularis","Polygoniochloris","circularis",NA
"820","Pseudanabaena acicularis","Pseudanabaena","acicularis","5a-FilaCyano"
"821","Pseudanabaena arcuata","Pseudanabaena","arcuata","5a-FilaCyano"
"822","Pseudanabaena biceps","Pseudanabaena","biceps","5a-FilaCyano"
"823","Pseudanabaena catenata","Pseudanabaena","catenata","5a-FilaCyano"
"824","Pseudanabaena franquetii","Pseudanabaena","franquetii","5a-FilaCyano"
"825","Pseudanabaena galeata","Pseudanabaena","galeata","5a-FilaCyano"
"826","Pseudanabaena limnetica","Pseudanabaena","limnetica","5a-FilaCyano"
"827","Pseudanabaena minuta","Pseudanabaena","minuta","5a-FilaCyano"
"828","Pseudanabaena mucicola","Pseudanabaena","mucicola","5a-FilaCyano"
"829","Pseudanabaena spp.","Pseudanabaena","spp.","5a-FilaCyano"
"830","Pseudocarteria spp.","Pseudocarteria","spp.",NA
"831","Pseudochlorella pyrenoidosa","Pseudochlorella","pyrenoidosa",NA
"832","Pseudococcomyxa spp.","Pseudococcomyxa","spp.",NA
"833","Pseudokephyrion blatnense","Pseudokephyrion","blatnense","2a-SmallChry1"
"834","Pseudokephyrion conicum","Pseudokephyrion","conicum","2a-SmallChry1"
"835","Pseudokephyrion gallicum","Pseudokephyrion","gallicum","2a-SmallChry1"
"836","Pseudokephyrion latum","Pseudokephyrion","latum","2a-SmallChry1"
"837","Pseudokephyrion spp.","Pseudokephyrion","spp.","2a-SmallChry1"
"838","Pseudopedinella spp.","Pseudopedinella","spp.",NA
"839","Pseudoquadrigula spp.","Pseudoquadrigula","spp.","11b-GelaChlor"
"840","Pseudoschroederia antillarum","Pseudoschroederia","antillarum",NA
"841","Pseudoschroederia robusta","Pseudoschroederia","robusta",NA
"842","Pseudosphaerocystis lundii","Pseudosphaerocystis","lundii","11b-GelaChlor"
"843","Pseudostaurastrum spp.","Pseudostaurastrum","spp.",NA
"844","Pseudotetradesmus quaternarius","Pseudotetradesmus","quaternarius",NA
"845","Pseudotetraedriella kamillae","Pseudotetraedriella","kamillae","9c-SmallChry2"
"846","Pteromonas aculeata","Pteromonas","aculeata","3a-UnicPhyto"
"847","Pteromonas angulosa","Pteromonas","angulosa","3a-UnicPhyto"
"848","Pteromonas multipyrenoidea","Pteromonas","multipyrenoidea","3a-UnicPhyto"
"849","Pteromonas spp.","Pteromonas","spp.","3a-UnicPhyto"
"850","Puncticulata bodanica","Puncticulata","bodanica",NA
"851","Puncticulata radiosa","Puncticulata","radiosa",NA
"852","Pyramichlamys dissecta","Pyramichlamys","dissecta",NA
"853","Pyramichlamys spp.","Pyramichlamys","spp.",NA
"854","Pyramimonas inconstans","Pyramimonas","inconstans",NA
"855","Pyramimonas micron","Pyramimonas","micron",NA
"856","Pyramimonas spp.","Pyramimonas","spp.",NA
"857","Pyrrhophyta spp.","Pyrrhophyta","spp.",NA
"858","Quadrichloris carterioides","Quadrichloris","carterioides",NA
"859","Quadricoccus spp.","Quadricoccus","spp.",NA
"860","Quadrigula chodatii","Quadrigula","chodatii","11b-GelaChlor"
"861","Quadrigula korsikovii","Quadrigula","korsikovii","11b-GelaChlor"
"862","Quadrigula lacustris","Quadrigula","lacustris","11b-GelaChlor"
"863","Quadrigula pfitzeri","Quadrigula","pfitzeri","11b-GelaChlor"
"864","Quadrigula sabulosa","Quadrigula","sabulosa","11b-GelaChlor"
"865","Quadrigula spp.","Quadrigula","spp.","11b-GelaChlor"
"866","Radiococcus planktonicus","Radiococcus","planktonicus",NA
"867","Radiococcus spp.","Radiococcus","spp.",NA
"868","Radiocystis geminela","Radiocystis","geminela","5c-OtherChroo"
"869","Raphidiopsis curvata","Raphidiopsis","curvata","5e-Nostocales"
"870","Raphidiopsis mediterranea","Raphidiopsis","mediterranea","5e-Nostocales"
"871","Raphidocelis spp.","Raphidocelis","spp.","11b-GelaChlor"
"872","Rayssiella hemisphaerica","Rayssiella","hemisphaerica",NA
"873","Rhabdoderma lineare","Rhabdoderma","lineare",NA
"874","Rhabdoderma spp.","Rhabdoderma","spp.",NA
"875","Rhabdoderma tenuissimum","Rhabdoderma","tenuissimum",NA
"876","Rhabdogloea scenedesmoides","Rhabdogloea","scenedesmoides","5c-OtherChroo"
"877","Rhabdogloea spp.","Rhabdogloea","spp.","5c-OtherChroo"
"878","Rhizosolenia eriensis","Rhizosolenia","eriensis","6a2-LUniCent"
"879","Rhizosolenia longiseta","Rhizosolenia","longiseta","6a2-LUniCent"
"880","Rhizosolenia spp.","Rhizosolenia","spp.","6a2-LUniCent"
"881","Rhodomonas lens","Rhodomonas","lens","2d-Crypto"
"882","Rhodomonas minuta","Rhodomonas","minuta","2d-Crypto"
"883","Rhodomonas spp.","Rhodomonas","spp.","2d-Crypto"
"884","Rhoicosphenia abbreviata","Rhoicosphenia","abbreviata",NA
"885","Rhoicosphenia curvata","Rhoicosphenia","curvata",NA
"886","Rhoicosphenia spp.","Rhoicosphenia","spp.",NA
"887","Rhopalodia gibba","Rhopalodia","gibba","6b2-LUniPenn"
"888","Rhopalodia spp.","Rhopalodia","spp.","6b2-LUniPenn"
"889","Romeria chlorina","Romeria","chlorina",NA
"890","Romeria okensis","Romeria","okensis",NA
"891","Romeria spp.","Romeria","spp.",NA
"892","Salpingoeca frequentissima","Salpingoeca","frequentissima",NA
"893","Salpingoeca gracilis","Salpingoeca","gracilis",NA
"894","Salpingoeca spp.","Salpingoeca","spp.",NA
"895","Scenedesmus abundans","Scenedesmus","abundans","11a-NakeChlor"
"896","Scenedesmus aculeolatus","Scenedesmus","aculeolatus","11a-NakeChlor"
"897","Scenedesmus acuminatus","Scenedesmus","acuminatus","11a-NakeChlor"
"898","Scenedesmus acutus","Scenedesmus","acutus","11a-NakeChlor"
"899","Scenedesmus apiculatus","Scenedesmus","apiculatus","11a-NakeChlor"
"900","Scenedesmus armatus","Scenedesmus","armatus","11a-NakeChlor"
"901","Scenedesmus baculiformis","Scenedesmus","baculiformis","11a-NakeChlor"
"902","Scenedesmus bernardii","Scenedesmus","bernardii","11a-NakeChlor"
"903","Scenedesmus bicaudatus","Scenedesmus","bicaudatus","11a-NakeChlor"
"904","Scenedesmus bijuga","Scenedesmus","bijuga","11a-NakeChlor"
"905","Scenedesmus brasiliensis","Scenedesmus","brasiliensis","11a-NakeChlor"
"906","Scenedesmus denticulatus","Scenedesmus","denticulatus","11a-NakeChlor"
"907","Scenedesmus dimorphus","Scenedesmus","dimorphus","11a-NakeChlor"
"908","Scenedesmus disciformis","Scenedesmus","disciformis","11a-NakeChlor"
"909","Scenedesmus dispar","Scenedesmus","dispar","11a-NakeChlor"
"910","Scenedesmus ecornis","Scenedesmus","ecornis","11a-NakeChlor"
"911","Scenedesmus falcatus","Scenedesmus","falcatus","11a-NakeChlor"
"912","Scenedesmus grahneisii","Scenedesmus","grahneisii","11a-NakeChlor"
"913","Scenedesmus incrassatulus","Scenedesmus","incrassatulus","11a-NakeChlor"
"914","Scenedesmus insignis","Scenedesmus","insignis","11a-NakeChlor"
"915","Scenedesmus intermedius","Scenedesmus","intermedius","11a-NakeChlor"
"916","Scenedesmus linearis","Scenedesmus","linearis","11a-NakeChlor"
"917","Scenedesmus longus","Scenedesmus","longus","11a-NakeChlor"
"918","Scenedesmus magnus","Scenedesmus","magnus","11a-NakeChlor"
"919","Scenedesmus maximus","Scenedesmus","maximus","11a-NakeChlor"
"920","Scenedesmus obliquus","Scenedesmus","obliquus","11a-NakeChlor"
"921","Scenedesmus obtusus","Scenedesmus","obtusus","11a-NakeChlor"
"922","Scenedesmus opoliensis","Scenedesmus","opoliensis","11a-NakeChlor"
"923","Scenedesmus parisiensis","Scenedesmus","parisiensis","11a-NakeChlor"
"924","Scenedesmus protuberans","Scenedesmus","protuberans","11a-NakeChlor"
"925","Scenedesmus pulloideus","Scenedesmus","pulloideus","11a-NakeChlor"
"926","Scenedesmus quadricauda","Scenedesmus","quadricauda","11a-NakeChlor"
"927","Scenedesmus semipulcher","Scenedesmus","semipulcher","11a-NakeChlor"
"928","Scenedesmus serratus","Scenedesmus","serratus","11a-NakeChlor"
"929","Scenedesmus smithii","Scenedesmus","smithii","11a-NakeChlor"
"930","Scenedesmus spinosus","Scenedesmus","spinosus","11a-NakeChlor"
"931","Scenedesmus spp.","Scenedesmus","spp.","11a-NakeChlor"
"932","Scenedesmus subspicatus","Scenedesmus","subspicatus","11a-NakeChlor"
"933","Schizochlamys compacta","Schizochlamys","compacta",NA
"934","Schroederia ancora","Schroederia","ancora",NA
"935","Schroederia antillarum","Schroederia","antillarum","9b-SmallChlor"
"936","Schroederia indica","Schroederia","indica","9b-SmallChlor"
"937","Schroederia judayi","Schroederia","judayi",NA
"938","Schroederia nitzschioides","Schroederia","nitzschioides","9b-SmallChlor"
"939","Schroederia setigera","Schroederia","setigera","8a-LargeCoCh"
"940","Schroederia spiralis","Schroederia","spiralis","9b-SmallChlor"
"941","Schroederia spp.","Schroederia","spp.","9b-SmallChlor"
"942","Selenastrum gracile","Selenastrum","gracile","11a-NakeChlor"
"943","Selenastrum minutum","Selenastrum","minutum","11a-NakeChlor"
"944","Selenastrum spp.","Selenastrum","spp.","11a-NakeChlor"
"945","Selenochloris quadriloba","Selenochloris","quadriloba",NA
"946","Siderocelis ornata","Siderocelis","ornata",NA
"947","Siderocelis spp.","Siderocelis","spp.",NA
"948","Skeletonema potamos","Skeletonema","potamos",NA
"949","Skeletonema spp.","Skeletonema","spp.",NA
"950","Snowella lacustris","Snowella","lacustris","5c-OtherChroo"
"951","Snowella litoralis","Snowella","litoralis","5c-OtherChroo"
"952","Snowella septentrionalis","Snowella","septentrionalis","5c-OtherChroo"
"953","Snowella spp.","Snowella","spp.","5c-OtherChroo"
"954","Sonstige bis","Sonstige","bis",NA
"955","Sorastrum spinulosum","Sorastrum","spinulosum",NA
"956","Sorastrum spp.","Sorastrum","spp.",NA
"957","Soropediastrum rotundatum","Soropediastrum","rotundatum",NA
"958","Soropediastrum spp.","Soropediastrum","spp.",NA
"959","Spermatozopsis exsultans","Spermatozopsis","exsultans",NA
"960","Sphaerellopsis aulata","Sphaerellopsis","aulata","3a-UnicPhyto"
"961","Sphaerellopsis fluviatilis","Sphaerellopsis","fluviatilis","3a-UnicPhyto"
"962","Sphaerellopsis gloeocystiformis","Sphaerellopsis","gloeocystiformis","3a-UnicPhyto"
"963","Sphaerellopsis spp.","Sphaerellopsis","spp.","3a-UnicPhyto"
"964","Sphaerocystis schroeteri","Sphaerocystis","schroeteri","11b-GelaChlor"
"965","Sphaerocystis spp.","Sphaerocystis","spp.","11b-GelaChlor"
"966","Sphaerozosma spp.","Sphaerozosma","spp.",NA
"967","Spirogyra spp.","Spirogyra","spp.","10b-FilaConj"
"968","Spirulina platensis","Spirulina","platensis",NA
"969","Spirulina spp.","Spirulina","spp.",NA
"970","Spirulina subtilissima","Spirulina","subtilissima",NA
"971","Spondylosium clepsydra","Spondylosium","clepsydra","10b-FilaConj"
"972","Spondylosium moniliforme","Spondylosium","moniliforme","10b-FilaConj"
"973","Spondylosium pygmaeum","Spondylosium","pygmaeum","10b-FilaConj"
"974","Spondylosium spp.","Spondylosium","spp.","10b-FilaConj"
"975","Staurastrum arctiscon","Staurastrum","arctiscon","8a-LargeCoCh"
"976","Staurastrum asterias","Staurastrum","asterias","8a-LargeCoCh"
"977","Staurastrum biexacavatum","Staurastrum","biexacavatum","8a-LargeCoCh"
"978","Staurastrum cingulum","Staurastrum","cingulum","8a-LargeCoCh"
"979","Staurastrum crenulatum","Staurastrum","crenulatum","8a-LargeCoCh"
"980","Staurastrum dejectum","Staurastrum","dejectum","8a-LargeCoCh"
"981","Staurastrum dorsidentiferum","Staurastrum","dorsidentiferum","8a-LargeCoCh"
"982","Staurastrum excavatum","Staurastrum","excavatum","8a-LargeCoCh"
"983","Staurastrum gracile","Staurastrum","gracile","8a-LargeCoCh"
"984","Staurastrum grallatorium","Staurastrum","grallatorium","8a-LargeCoCh"
"985","Staurastrum hexacerum","Staurastrum","hexacerum","8a-LargeCoCh"
"986","Staurastrum johnsoni","Staurastrum","johnsoni","8a-LargeCoCh"
"987","Staurastrum limneticum","Staurastrum","limneticum","8a-LargeCoCh"
"988","Staurastrum longiradiatum","Staurastrum","longiradiatum","8a-LargeCoCh"
"989","Staurastrum messikomerii","Staurastrum","messikomerii","8a-LargeCoCh"
"990","Staurastrum natator","Staurastrum","natator","8a-LargeCoCh"
"991","Staurastrum o'mearii","Staurastrum","o'mearii","8a-LargeCoCh"
"992","Staurastrum pingue","Staurastrum","pingue","8a-LargeCoCh"
"993","Staurastrum sebaldi","Staurastrum","sebaldi","8a-LargeCoCh"
"994","Staurastrum sebaldii","Staurastrum","sebaldii","8a-LargeCoCh"
"995","Staurastrum sexangulare","Staurastrum","sexangulare","8a-LargeCoCh"
"996","Staurastrum spp.","Staurastrum","spp.","8a-LargeCoCh"
"997","Staurastrum submanfeldtii","Staurastrum","submanfeldtii","8a-LargeCoCh"
"998","Staurastrum tetracerum","Staurastrum","tetracerum","8a-LargeCoCh"
"999","Staurastrum tohopekaligense","Staurastrum","tohopekaligense","8a-LargeCoCh"
"1000","Staurosira construens","Staurosira","construens",NA
"1001","Staurosira pinnata","Staurosira","pinnata",NA
"1002","Staurosira spp.","Staurosira","spp.",NA
"1003","Staurosirella pinnata","Staurosirella","pinnata",NA
"1004","Stelexomonas dichotomus","Stelexomonas","dichotomus","2a-SmallChry1"
"1005","Stenocalyx spirale","Stenocalyx","spirale",NA
"1006","Stephanodiscus alpinus","Stephanodiscus","alpinus","7a-SmallCent"
"1007","Stephanodiscus astraea","Stephanodiscus","astraea","6a2-LUniCent"
"1008","Stephanodiscus astrea","Stephanodiscus","astrea","6a2-LUniCent"
"1009","Stephanodiscus binderanus","Stephanodiscus","binderanus","6a2-LUniCent"
"1010","Stephanodiscus carconensis","Stephanodiscus","carconensis","6a2-LUniCent"
"1011","Stephanodiscus hantzschii","Stephanodiscus","hantzschii","6a2-LUniCent"
"1012","Stephanodiscus irregulare","Stephanodiscus","irregulare","6a2-LUniCent"
"1013","Stephanodiscus medius","Stephanodiscus","medius","6a2-LUniCent"
"1014","Stephanodiscus minutulus","Stephanodiscus","minutulus","7a-SmallCent"
"1015","Stephanodiscus neoastrea","Stephanodiscus","neoastrea","6a2-LUniCent"
"1016","Stephanodiscus niagarae","Stephanodiscus","niagarae","6a2-LUniCent"
"1017","Stephanodiscus parvus","Stephanodiscus","parvus","6a2-LUniCent"
"1018","Stephanodiscus spp.","Stephanodiscus","spp.","6a2-LUniCent"
"1019","Stephanodiscus subsalsus","Stephanodiscus","subsalsus","6a2-LUniCent"
"1020","Stephanodiscus tenuis","Stephanodiscus","tenuis",NA
"1021","Stichococcus bacillaris","Stichococcus","bacillaris",NA
"1022","Stichococcus mirabilis","Stichococcus","mirabilis",NA
"1023","Stichogloea olivacea","Stichogloea","olivacea","2a-SmallChry1"
"1024","Stigeoclonium spp.","Stigeoclonium","spp.",NA
"1025","Stokesiella epipyxis","Stokesiella","epipyxis",NA
"1026","Stokesiella lepteca","Stokesiella","lepteca",NA
"1027","Strombomonas spp.","Strombomonas","spp.",NA
"1028","Surirella minuta","Surirella","minuta","6b2-LUniPenn"
"1029","Surirella ovata","Surirella","ovata","6b2-LUniPenn"
"1030","Surirella spp.","Surirella","spp.","6b2-LUniPenn"
"1031","Surirella tenera","Surirella","tenera","6b2-LUniPenn"
"1032","Suxenella mitrae","Suxenella","mitrae",NA
"1033","Synechococcus ambiguus","Synechococcus","ambiguus","4-UnicCyano"
"1034","Synechococcus elongatus","Synechococcus","elongatus","4-UnicCyano"
"1035","Synechococcus leopoliensis","Synechococcus","leopoliensis","4-UnicCyano"
"1036","Synechococcus nidulans","Synechococcus","nidulans","4-UnicCyano"
"1037","Synechococcus spp.","Synechococcus","spp.","4-UnicCyano"
"1038","Synechocystis aquatilis","Synechocystis","aquatilis","4-UnicCyano"
"1039","Synechocystis parvula","Synechocystis","parvula","4-UnicCyano"
"1040","Synechocystis spp.","Synechocystis","spp.","4-UnicCyano"
"1041","Synedra acus","Synedra","acus","6b2-LUniPenn"
"1042","Synedra berolinensis","Synedra","berolinensis","6b2-LUniPenn"
"1043","Synedra cyclopum","Synedra","cyclopum","6b2-LUniPenn"
"1044","Synedra delicatissima","Synedra","delicatissima","6b2-LUniPenn"
"1045","Synedra filiformis","Synedra","filiformis","6b2-LUniPenn"
"1046","Synedra japonica","Synedra","japonica","6b2-LUniPenn"
"1047","Synedra nana","Synedra","nana","6b2-LUniPenn"
"1048","Synedra rumpens","Synedra","rumpens","6b2-LUniPenn"
"1049","Synedra spp.","Synedra","spp.","6b2-LUniPenn"
"1050","Synedra tenera","Synedra","tenera",NA
"1051","Synedra ulna","Synedra","ulna","6b2-LUniPenn"
"1052","Synura petersenii","Synura","petersenii","1a-LargeChry"
"1053","Synura spp.","Synura","spp.","1a-LargeChry"
"1054","Synura uvella","Synura","uvella","1a-LargeChry"
"1055","Tabellaria fenestrata","Tabellaria","fenestrata","6b1-LColPenn"
"1056","Tabellaria flocculosa","Tabellaria","flocculosa","6b1-LColPenn"
"1057","Tabellaria spp.","Tabellaria","spp.","6b1-LColPenn"
"1058","Teilingia excavata","Teilingia","excavata",NA
"1059","Teilingia granulata","Teilingia","granulata",NA
"1060","Terubaria spp.","Terubaria","spp.",NA
"1061","Tetrachlorella alternans","Tetrachlorella","alternans","11b-GelaChlor"
"1062","Tetrachlorella spp.","Tetrachlorella","spp.","9b-SmallChlor"
"1063","Tetracystis pulchra","Tetracystis","pulchra",NA
"1064","Tetradesmus spp.","Tetradesmus","spp.",NA
"1065","Tetradesmus wisconsinensis","Tetradesmus","wisconsinensis",NA
"1066","Tetraedriella spp.","Tetraedriella","spp.",NA
"1067","Tetraedron caudatum","Tetraedron","caudatum","9b-SmallChlor"
"1068","Tetraedron minimum","Tetraedron","minimum","9b-SmallChlor"
"1069","Tetraedron muticum","Tetraedron","muticum","9b-SmallChlor"
"1070","Tetraedron regulare","Tetraedron","regulare","9b-SmallChlor"
"1071","Tetraedron spp.","Tetraedron","spp.","9b-SmallChlor"
"1072","Tetraedron triangulare","Tetraedron","triangulare","9b-SmallChlor"
"1073","Tetraedron trigonum","Tetraedron","trigonum","9b-SmallChlor"
"1074","Tetrallantos lagerheimia","Tetrallantos","lagerheimia",NA
"1075","Tetranephris spp.","Tetranephris","spp.",NA
"1076","Tetraplektron tribulus","Tetraplektron","tribulus",NA
"1077","Tetraselmis arnoldii","Tetraselmis","arnoldii","3a-UnicPhyto"
"1078","Tetraselmis cordiformis","Tetraselmis","cordiformis","3a-UnicPhyto"
"1079","Tetraselmis spp.","Tetraselmis","spp.","3a-UnicPhyto"
"1080","Tetraspora lacustris","Tetraspora","lacustris","11b-GelaChlor"
"1081","Tetraspora spp.","Tetraspora","spp.","11b-GelaChlor"
"1082","Tetrastrum elegans","Tetrastrum","elegans",NA
"1083","Tetrastrum glabrum","Tetrastrum","glabrum","11a-NakeChlor"
"1084","Tetrastrum heteracanthum","Tetrastrum","heteracanthum","9b-SmallChlor"
"1085","Tetrastrum heterocanthum","Tetrastrum","heterocanthum",NA
"1086","Tetrastrum multisetum","Tetrastrum","multisetum",NA
"1087","Tetrastrum punctatum","Tetrastrum","punctatum",NA
"1088","Tetrastrum spp.","Tetrastrum","spp.",NA
"1089","Tetrastrum staurogeniaeforme","Tetrastrum","staurogeniaeforme","11a-NakeChlor"
"1090","Tetrastrum triangulare","Tetrastrum","triangulare",NA
"1091","Thalassiosira faurii","Thalassiosira","faurii",NA
"1092","Thalassiosira guillardii","Thalassiosira","guillardii",NA
"1093","Thalassiosira pseudonana","Thalassiosira","pseudonana",NA
"1094","Thalassiosira spp.","Thalassiosira","spp.",NA
"1095","Thalassiosira weissflogii","Thalassiosira","weissflogii",NA
"1096","Thalassiosiraceae spp.","Thalassiosiraceae","spp.",NA
"1097","Thoracomonas spp.","Thoracomonas","spp.",NA
"1098","Trachelomonas elegans","Trachelomonas","elegans",NA
"1099","Trachelomonas globularis","Trachelomonas","globularis","2c-SmallEugl"
"1100","Trachelomonas hispida","Trachelomonas","hispida","2c-SmallEugl"
"1101","Trachelomonas oblonga","Trachelomonas","oblonga","2c-SmallEugl"
"1102","Trachelomonas spp.","Trachelomonas","spp.","2c-SmallEugl"
"1103","Trachelomonas volvocina","Trachelomonas","volvocina","2c-SmallEugl"
"1104","Treubaria setigera","Treubaria","setigera","9b-SmallChlor"
"1105","Treubaria setigerum","Treubaria","setigerum","9b-SmallChlor"
"1106","Treubaria spp.","Treubaria","spp.","9b-SmallChlor"
"1107","Treubaria triappendiculata","Treubaria","triappendiculata","9b-SmallChlor"
"1108","Treubaria varia","Treubaria","varia","9b-SmallChlor"
"1109","Tribonema ambiguum","Tribonema","ambiguum","10c-FilaXant"
"1110","Tribonema angustissima","Tribonema","angustissima","10c-FilaXant"
"1111","Tribonema microchloron","Tribonema","microchloron","10c-FilaXant"
"1112","Tribonema spp.","Tribonema","spp.","10c-FilaXant"
"1113","Trochischia planctonica","Trochischia","planctonica",NA
"1114","Trochiscia aspera","Trochiscia","aspera",NA
"1115","Trochiscia granulata","Trochiscia","granulata",NA
"1116","Ulnaria acus","Ulnaria","acus","6b2-LUniPenn"
"1117","Ulothrix cellule","Ulothrix","cellule","10a-FilaChlorp"
"1118","Ulothrix limnetica","Ulothrix","limnetica","10a-FilaChlorp"
"1119","Ulothrix spp.","Ulothrix","spp.","10a-FilaChlorp"
"1120","Ulothrix subconstricta","Ulothrix","subconstricta","10a-FilaChlorp"
"1121","Ulothrix subtilissima","Ulothrix","subtilissima","10a-FilaChlorp"
"1122","Ulothrix variabilis","Ulothrix","variabilis","10a-FilaChlorp"
"1123","Uroglena americana","Uroglena","americana","1a-LargeChry"
"1124","Uroglena spp.","Uroglena","spp.","1a-LargeChry"
"1125","Urosolenia longiseta","Urosolenia","longiseta","6a2-LUniCent"
"1126","Vacuolaria spp.","Vacuolaria","spp.",NA
"1127","Volvox aureus","Volvox","aureus",NA
"1128","Volvox spp.","Volvox","spp.",NA
"1129","Westella botryoides","Westella","botryoides","11a-NakeChlor"
"1130","Westella spp.","Westella","spp.","11b-GelaChlor"
"1131","Willea vilhelmii","Willea","vilhelmii","11b-GelaChlor"
"1132","Woloszynskia pseudopalustris","Woloszynskia","pseudopalustris","2b-SmallDino"
"1133","Woronichinia naegeliana","Woronichinia","naegeliana",NA
"1134","Xanthidium alpinum","Xanthidium","alpinum","8a-LargeCoCh"
"1135","Xanthidium antilopaeum","Xanthidium","antilopaeum","8a-LargeCoCh"
"1136","Xanthidium hastiferum","Xanthidium","hastiferum","8a-LargeCoCh"
"1137","Xanthidium spp.","Xanthidium","spp.","8a-LargeCoCh"
"1138","Zygnema spp.","Zygnema","spp.",NA
